Changes made at Sat Aug  9 05:58:18 UTC 2025
Changes made at Thu Nov 20 13:38:01 UTC 2025
Changes made at Thu Nov 20 14:25:54 UTC 2025
Changes made at Thu Nov 20 16:33:12 UTC 2025
Changes made at Fri Nov 21 08:34:57 UTC 2025
Changes made at Fri Nov 21 10:27:15 UTC 2025
Changes made at Fri Nov 21 14:25:03 UTC 2025
Changes made at Fri Nov 21 16:30:29 UTC 2025
Changes made at Sat Nov 22 08:30:17 UTC 2025
Changes made at Sat Nov 22 10:23:46 UTC 2025
Changes made at Sat Nov 22 14:20:54 UTC 2025
Changes made at Sat Nov 22 16:28:41 UTC 2025
Changes made at Sun Nov 23 08:30:32 UTC 2025
Changes made at Sun Nov 23 10:24:37 UTC 2025
Changes made at Sun Nov 23 14:21:01 UTC 2025
Changes made at Sun Nov 23 16:29:02 UTC 2025
Changes made at Mon Nov 24 08:36:11 UTC 2025
Changes made at Mon Nov 24 10:29:21 UTC 2025
Changes made at Mon Nov 24 14:26:50 UTC 2025
Changes made at Mon Nov 24 16:29:08 UTC 2025
Changes made at Tue Nov 25 08:34:54 UTC 2025
Changes made at Tue Nov 25 10:30:30 UTC 2025
Changes made at Tue Nov 25 14:26:37 UTC 2025
Changes made at Tue Nov 25 16:34:51 UTC 2025
Changes made at Wed Nov 26 08:34:21 UTC 2025
Changes made at Wed Nov 26 10:29:21 UTC 2025
Changes made at Wed Nov 26 14:26:59 UTC 2025
Changes made at Wed Nov 26 16:33:12 UTC 2025
Changes made at Thu Nov 27 08:34:54 UTC 2025
Changes made at Thu Nov 27 10:28:48 UTC 2025
Changes made at Thu Nov 27 14:26:00 UTC 2025
Changes made at Thu Nov 27 16:31:37 UTC 2025
Changes made at Fri Nov 28 08:34:47 UTC 2025
Changes made at Fri Nov 28 10:28:08 UTC 2025
Changes made at Fri Nov 28 14:25:32 UTC 2025
Changes made at Fri Nov 28 16:31:06 UTC 2025
Changes made at Sat Nov 29 08:31:49 UTC 2025
Changes made at Sat Nov 29 10:25:27 UTC 2025
Changes made at Sat Nov 29 14:22:12 UTC 2025
Changes made at Sat Nov 29 16:30:16 UTC 2025
Changes made at Sun Nov 30 08:30:12 UTC 2025
Changes made at Sun Nov 30 10:24:47 UTC 2025
Changes made at Sun Nov 30 14:22:19 UTC 2025
Changes made at Sun Nov 30 16:29:35 UTC 2025
Changes made at Mon Dec  1 08:38:21 UTC 2025
Changes made at Mon Dec  1 10:30:57 UTC 2025
Changes made at Mon Dec  1 14:28:49 UTC 2025
Changes made at Mon Dec  1 16:36:04 UTC 2025
Changes made at Tue Dec  2 08:37:04 UTC 2025
Changes made at Tue Dec  2 10:29:36 UTC 2025
Changes made at Tue Dec  2 14:29:12 UTC 2025
Changes made at Tue Dec  2 16:36:23 UTC 2025
Changes made at Wed Dec  3 08:35:46 UTC 2025
Changes made at Wed Dec  3 10:31:02 UTC 2025
Changes made at Wed Dec  3 14:28:16 UTC 2025
Changes made at Wed Dec  3 16:36:44 UTC 2025
Changes made at Thu Dec  4 08:36:07 UTC 2025
Changes made at Thu Dec  4 10:31:08 UTC 2025
Changes made at Thu Dec  4 14:28:08 UTC 2025
Changes made at Thu Dec  4 16:36:51 UTC 2025
Changes made at Fri Dec  5 08:34:41 UTC 2025
Changes made at Fri Dec  5 10:28:04 UTC 2025
Changes made at Fri Dec  5 14:27:18 UTC 2025
Changes made at Fri Dec  5 16:33:40 UTC 2025
Changes made at Sat Dec  6 08:31:35 UTC 2025
Changes made at Sat Dec  6 10:25:16 UTC 2025
Changes made at Sat Dec  6 14:21:38 UTC 2025
Changes made at Sat Dec  6 16:29:37 UTC 2025
Changes made at Sun Dec  7 08:30:48 UTC 2025
Changes made at Sun Dec  7 10:24:00 UTC 2025
Changes made at Sun Dec  7 14:22:16 UTC 2025
Changes made at Sun Dec  7 16:29:08 UTC 2025
Changes made at Mon Dec  8 08:38:12 UTC 2025
Changes made at Mon Dec  8 10:30:42 UTC 2025
Changes made at Mon Dec  8 14:28:24 UTC 2025
Changes made at Mon Dec  8 16:35:17 UTC 2025
Changes made at Tue Dec  9 08:37:34 UTC 2025
Changes made at Tue Dec  9 10:31:20 UTC 2025
Changes made at Tue Dec  9 14:28:50 UTC 2025
Changes made at Tue Dec  9 16:34:29 UTC 2025
Changes made at Wed Dec 10 08:36:10 UTC 2025
Changes made at Wed Dec 10 10:31:26 UTC 2025
Changes made at Wed Dec 10 14:29:04 UTC 2025
Changes made at Wed Dec 10 16:35:11 UTC 2025
Changes made at Thu Dec 11 08:36:59 UTC 2025
Changes made at Thu Dec 11 10:32:02 UTC 2025
Changes made at Thu Dec 11 14:27:38 UTC 2025
Changes made at Thu Dec 11 16:38:32 UTC 2025
Changes made at Fri Dec 12 08:37:09 UTC 2025
Changes made at Fri Dec 12 10:30:19 UTC 2025
Changes made at Fri Dec 12 14:24:15 UTC 2025
Changes made at Fri Dec 12 16:33:14 UTC 2025
Changes made at Sat Dec 13 08:31:38 UTC 2025
Changes made at Sat Dec 13 10:25:23 UTC 2025
Changes made at Sat Dec 13 14:22:52 UTC 2025
Changes made at Sat Dec 13 16:30:50 UTC 2025
Changes made at Sun Dec 14 08:32:29 UTC 2025
Changes made at Sun Dec 14 10:25:49 UTC 2025
Changes made at Sun Dec 14 14:23:31 UTC 2025
Changes made at Sun Dec 14 16:30:23 UTC 2025
Changes made at Mon Dec 15 08:39:54 UTC 2025
Changes made at Mon Dec 15 10:33:49 UTC 2025
Changes made at Mon Dec 15 14:32:17 UTC 2025
Changes made at Mon Dec 15 16:38:49 UTC 2025
Changes made at Tue Dec 16 08:38:09 UTC 2025
Changes made at Tue Dec 16 10:31:45 UTC 2025
Changes made at Tue Dec 16 14:30:55 UTC 2025
Changes made at Tue Dec 16 16:37:23 UTC 2025
Changes made at Wed Dec 17 08:37:40 UTC 2025
Changes made at Wed Dec 17 10:31:22 UTC 2025
Changes made at Wed Dec 17 14:29:20 UTC 2025
Changes made at Wed Dec 17 16:36:30 UTC 2025
Changes made at Thu Dec 18 08:36:55 UTC 2025
Changes made at Thu Dec 18 10:30:15 UTC 2025
Changes made at Thu Dec 18 14:28:52 UTC 2025
Changes made at Thu Dec 18 16:37:26 UTC 2025
Changes made at Fri Dec 19 08:36:27 UTC 2025
Changes made at Fri Dec 19 10:29:35 UTC 2025
Changes made at Fri Dec 19 14:27:43 UTC 2025
Changes made at Fri Dec 19 16:34:05 UTC 2025
Changes made at Sat Dec 20 08:32:02 UTC 2025
Changes made at Sat Dec 20 10:26:08 UTC 2025
Changes made at Sat Dec 20 14:22:46 UTC 2025
Changes made at Sat Dec 20 16:30:17 UTC 2025
Changes made at Sun Dec 21 08:32:33 UTC 2025
Changes made at Sun Dec 21 10:26:08 UTC 2025
Changes made at Sun Dec 21 14:23:32 UTC 2025
Changes made at Sun Dec 21 16:30:15 UTC 2025
Changes made at Mon Dec 22 08:38:01 UTC 2025
Changes made at Mon Dec 22 10:29:11 UTC 2025
Changes made at Mon Dec 22 14:27:26 UTC 2025
Changes made at Mon Dec 22 16:33:50 UTC 2025
Changes made at Tue Dec 23 08:37:09 UTC 2025
Changes made at Tue Dec 23 10:30:23 UTC 2025
Changes made at Tue Dec 23 14:27:11 UTC 2025
Changes made at Tue Dec 23 16:35:07 UTC 2025
Changes made at Wed Dec 24 08:36:54 UTC 2025
Changes made at Wed Dec 24 10:28:33 UTC 2025
Changes made at Wed Dec 24 14:26:15 UTC 2025
Changes made at Wed Dec 24 16:32:37 UTC 2025
Changes made at Thu Dec 25 08:35:39 UTC 2025
Changes made at Thu Dec 25 10:28:43 UTC 2025
Changes made at Thu Dec 25 14:25:45 UTC 2025
Changes made at Thu Dec 25 16:33:12 UTC 2025
Changes made at Fri Dec 26 08:35:23 UTC 2025
Changes made at Fri Dec 26 10:28:34 UTC 2025
Changes made at Fri Dec 26 14:26:24 UTC 2025
Changes made at Fri Dec 26 16:31:24 UTC 2025
Changes made at Sat Dec 27 08:33:32 UTC 2025
Changes made at Sat Dec 27 10:26:14 UTC 2025
Changes made at Sat Dec 27 14:23:35 UTC 2025
Changes made at Sat Dec 27 16:31:12 UTC 2025
Changes made at Sun Dec 28 08:33:48 UTC 2025
Changes made at Sun Dec 28 10:26:43 UTC 2025
Changes made at Sun Dec 28 14:24:52 UTC 2025
Changes made at Sun Dec 28 16:31:30 UTC 2025
Changes made at Mon Dec 29 08:39:06 UTC 2025
Changes made at Mon Dec 29 10:30:24 UTC 2025
Changes made at Mon Dec 29 14:28:12 UTC 2025
Changes made at Mon Dec 29 16:33:34 UTC 2025
Changes made at Tue Dec 30 08:36:43 UTC 2025
Changes made at Tue Dec 30 10:30:02 UTC 2025
Changes made at Tue Dec 30 14:27:55 UTC 2025
Changes made at Tue Dec 30 16:35:18 UTC 2025
Changes made at Wed Dec 31 08:36:38 UTC 2025
Changes made at Wed Dec 31 10:28:12 UTC 2025
Changes made at Wed Dec 31 14:26:09 UTC 2025
Changes made at Wed Dec 31 16:33:01 UTC 2025
Changes made at Thu Jan  1 08:36:02 UTC 2026
Changes made at Thu Jan  1 10:29:13 UTC 2026
Changes made at Thu Jan  1 14:25:55 UTC 2026
Changes made at Thu Jan  1 16:34:16 UTC 2026
Changes made at Fri Jan  2 08:36:26 UTC 2026
Changes made at Fri Jan  2 10:28:17 UTC 2026
Changes made at Fri Jan  2 14:26:42 UTC 2026
Changes made at Fri Jan  2 16:33:12 UTC 2026
Changes made at Sat Jan  3 08:34:10 UTC 2026
Changes made at Sat Jan  3 10:27:02 UTC 2026
Changes made at Sat Jan  3 14:24:28 UTC 2026
Changes made at Sat Jan  3 16:31:27 UTC 2026
Changes made at Sun Jan  4 08:35:13 UTC 2026
Changes made at Sun Jan  4 10:26:42 UTC 2026
Changes made at Sun Jan  4 14:23:54 UTC 2026
Changes made at Sun Jan  4 16:31:40 UTC 2026
Changes made at Mon Jan  5 08:41:25 UTC 2026
Changes made at Mon Jan  5 10:32:41 UTC 2026
Changes made at Mon Jan  5 14:31:08 UTC 2026
Changes made at Mon Jan  5 16:34:44 UTC 2026
Changes made at Tue Jan  6 08:38:56 UTC 2026
Changes made at Tue Jan  6 10:30:32 UTC 2026
Changes made at Tue Jan  6 14:29:13 UTC 2026
Changes made at Tue Jan  6 16:37:19 UTC 2026
Changes made at Wed Jan  7 08:38:35 UTC 2026
Changes made at Wed Jan  7 10:31:11 UTC 2026
Changes made at Wed Jan  7 14:30:15 UTC 2026
Changes made at Wed Jan  7 16:38:03 UTC 2026
Changes made at Thu Jan  8 08:38:11 UTC 2026
Changes made at Thu Jan  8 10:31:43 UTC 2026
Changes made at Thu Jan  8 14:31:44 UTC 2026
Changes made at Thu Jan  8 16:38:00 UTC 2026
Changes made at Fri Jan  9 08:38:14 UTC 2026
Changes made at Fri Jan  9 10:30:28 UTC 2026
Changes made at Fri Jan  9 14:30:12 UTC 2026
Changes made at Fri Jan  9 16:36:09 UTC 2026
Changes made at Sat Jan 10 08:33:44 UTC 2026
Changes made at Sat Jan 10 10:26:41 UTC 2026
Changes made at Sat Jan 10 14:24:39 UTC 2026
Changes made at Sat Jan 10 16:31:51 UTC 2026
Changes made at Sun Jan 11 08:33:57 UTC 2026
Changes made at Sun Jan 11 10:27:20 UTC 2026
Changes made at Sun Jan 11 14:24:57 UTC 2026
Changes made at Sun Jan 11 16:31:48 UTC 2026
Changes made at Mon Jan 12 08:40:25 UTC 2026
Changes made at Mon Jan 12 10:32:46 UTC 2026
Changes made at Mon Jan 12 14:32:01 UTC 2026
Changes made at Mon Jan 12 16:34:57 UTC 2026
Changes made at Tue Jan 13 08:38:36 UTC 2026
Changes made at Tue Jan 13 10:31:16 UTC 2026
Changes made at Tue Jan 13 14:31:56 UTC 2026
Changes made at Tue Jan 13 16:39:42 UTC 2026
Changes made at Wed Jan 14 08:38:49 UTC 2026
Changes made at Wed Jan 14 10:32:26 UTC 2026
Changes made at Wed Jan 14 14:31:47 UTC 2026
Changes made at Wed Jan 14 16:38:33 UTC 2026
Changes made at Thu Jan 15 08:38:40 UTC 2026
Changes made at Thu Jan 15 10:31:34 UTC 2026
Changes made at Thu Jan 15 14:30:50 UTC 2026
Changes made at Thu Jan 15 16:42:10 UTC 2026
Changes made at Fri Jan 16 08:37:41 UTC 2026
Changes made at Fri Jan 16 10:31:44 UTC 2026
Changes made at Fri Jan 16 14:30:04 UTC 2026
Changes made at Fri Jan 16 16:37:05 UTC 2026
Changes made at Sat Jan 17 08:33:12 UTC 2026
Changes made at Sat Jan 17 10:26:31 UTC 2026
Changes made at Sat Jan 17 14:24:49 UTC 2026
Changes made at Sat Jan 17 16:30:09 UTC 2026
Changes made at Sun Jan 18 08:33:40 UTC 2026
Changes made at Sun Jan 18 10:27:23 UTC 2026
Changes made at Sun Jan 18 14:24:11 UTC 2026
Changes made at Sun Jan 18 16:31:35 UTC 2026
Changes made at Mon Jan 19 08:40:59 UTC 2026
Changes made at Mon Jan 19 10:36:02 UTC 2026
Changes made at Mon Jan 19 14:34:16 UTC 2026
Changes made at Mon Jan 19 16:37:15 UTC 2026
Changes made at Tue Jan 20 08:40:25 UTC 2026
Changes made at Tue Jan 20 10:35:28 UTC 2026
Changes made at Tue Jan 20 14:37:20 UTC 2026
Changes made at Tue Jan 20 16:42:21 UTC 2026
Changes made at Wed Jan 21 08:39:19 UTC 2026
Changes made at Wed Jan 21 10:36:12 UTC 2026
Changes made at Wed Jan 21 14:37:32 UTC 2026
Changes made at Wed Jan 21 17:02:55 UTC 2026
Changes made at Thu Jan 22 08:40:49 UTC 2026
Changes made at Thu Jan 22 10:35:02 UTC 2026
Changes made at Thu Jan 22 14:36:28 UTC 2026
Changes made at Thu Jan 22 16:42:00 UTC 2026
Changes made at Fri Jan 23 08:38:19 UTC 2026
Changes made at Fri Jan 23 10:32:10 UTC 2026
Changes made at Fri Jan 23 14:31:46 UTC 2026
Changes made at Fri Jan 23 16:38:27 UTC 2026
Changes made at Sat Jan 24 08:34:13 UTC 2026
Changes made at Sat Jan 24 10:27:44 UTC 2026
Changes made at Sat Jan 24 14:25:41 UTC 2026
Changes made at Sat Jan 24 16:32:03 UTC 2026
Changes made at Sun Jan 25 08:34:38 UTC 2026
Changes made at Sun Jan 25 10:28:32 UTC 2026
Changes made at Sun Jan 25 14:25:34 UTC 2026
Changes made at Sun Jan 25 16:33:06 UTC 2026
Changes made at Mon Jan 26 08:41:03 UTC 2026
Changes made at Mon Jan 26 10:34:05 UTC 2026
Changes made at Mon Jan 26 14:35:26 UTC 2026
Changes made at Mon Jan 26 16:41:26 UTC 2026
Changes made at Tue Jan 27 08:40:44 UTC 2026
Changes made at Tue Jan 27 10:35:21 UTC 2026
Changes made at Tue Jan 27 14:36:38 UTC 2026
Changes made at Tue Jan 27 16:37:35 UTC 2026
Changes made at Wed Jan 28 08:40:20 UTC 2026
Changes made at Wed Jan 28 10:35:43 UTC 2026
Changes made at Wed Jan 28 14:37:15 UTC 2026
Changes made at Wed Jan 28 16:47:00 UTC 2026
Changes made at Thu Jan 29 08:50:33 UTC 2026
Changes made at Thu Jan 29 10:44:24 UTC 2026
Changes made at Thu Jan 29 14:42:51 UTC 2026
Changes made at Thu Jan 29 16:51:40 UTC 2026
Changes made at Fri Jan 30 08:49:38 UTC 2026
Changes made at Fri Jan 30 10:41:34 UTC 2026
Changes made at Fri Jan 30 14:40:09 UTC 2026
Changes made at Fri Jan 30 16:49:17 UTC 2026
Changes made at Sat Jan 31 08:37:56 UTC 2026
Changes made at Sat Jan 31 10:31:39 UTC 2026
Changes made at Sat Jan 31 14:30:22 UTC 2026
Changes made at Sat Jan 31 16:36:30 UTC 2026
Changes made at Sun Feb  1 08:39:48 UTC 2026
Changes made at Sun Feb  1 10:33:23 UTC 2026
Changes made at Sun Feb  1 14:32:15 UTC 2026
Changes made at Sun Feb  1 16:37:56 UTC 2026
Changes made at Mon Feb  2 08:53:30 UTC 2026
